[
  {
    "id": "97f1788a-68ca-476e-96e3-b7e3ddede0fb",
    "data": [
      {
        "text": "name",
        "alias": "name",
        "meta": "@sys.any",
        "userDefined": true
      },
      {
        "text": " please",
        "userDefined": false
      }
    ],
    "isTemplate": false,
    "count": 0
  },
  {
    "id": "b8539f2f-0da5-448f-8386-05cb2e40fe2b",
    "data": [
      {
        "text": "name",
        "alias": "name",
        "meta": "@sys.any",
        "userDefined": true
      }
    ],
    "isTemplate": false,
    "count": 0
  },
  {
    "id": "4717211a-58fb-40ab-8433-a56ac26422ba",
    "data": [
      {
        "text": "is ",
        "userDefined": false
      },
      {
        "text": "name",
        "alias": "name",
        "meta": "@sys.any",
        "userDefined": true
      },
      {
        "text": "?",
        "userDefined": false
      }
    ],
    "isTemplate": false,
    "count": 0
  },
  {
    "id": "b9b06fce-bd20-451d-a9be-1c74bb74576c",
    "data": [
      {
        "text": "this ",
        "userDefined": false
      },
      {
        "text": "name",
        "alias": "name",
        "meta": "@sys.any",
        "userDefined": true
      }
    ],
    "isTemplate": false,
    "count": 0
  },
  {
    "id": "22640427-d3bf-45f1-b2aa-218b5de0d268",
    "data": [
      {
        "text": "This is ",
        "userDefined": false
      },
      {
        "text": "name",
        "alias": "name",
        "meta": "@sys.any",
        "userDefined": true
      }
    ],
    "isTemplate": false,
    "count": 0
  },
  {
    "id": "4ff78c92-81c3-4751-94b5-8bb7d6e53d61",
    "data": [
      {
        "text": "Is this ",
        "userDefined": false
      },
      {
        "text": "name",
        "alias": "name",
        "meta": "@sys.any",
        "userDefined": true
      },
      {
        "text": "?",
        "userDefined": false
      }
    ],
    "isTemplate": false,
    "count": 0,
    "updated": 1517631790
  }
]