[
  {
    "id": "a863efda-a3d1-4533-8181-c25f134ca16f",
    "data": [
      {
        "text": "Give us a hint",
        "userDefined": false
      }
    ],
    "isTemplate": false,
    "count": 0,
    "updated": 1517701391
  },
  {
    "id": "debc56cd-a493-4bcb-8eb5-c850c428615b",
    "data": [
      {
        "text": "Can we have a hint?",
        "userDefined": false
      }
    ],
    "isTemplate": false,
    "count": 0,
    "updated": 1517701391
  },
  {
    "id": "4eb062cb-2064-4294-936f-226c881e6b75",
    "data": [
      {
        "text": "Can I have a hint?",
        "userDefined": false
      }
    ],
    "isTemplate": false,
    "count": 0,
    "updated": 1517701391
  },
  {
    "id": "9c9449fa-0c74-45b6-bd56-7e8becef71ee",
    "data": [
      {
        "text": "Hint me",
        "userDefined": false
      }
    ],
    "isTemplate": false,
    "count": 0,
    "updated": 1517701391
  },
  {
    "id": "0ac35d1c-c781-45e7-a108-a0786f63f975",
    "data": [
      {
        "text": "Give me a hint",
        "userDefined": false
      }
    ],
    "isTemplate": false,
    "count": 0,
    "updated": 1517701391
  },
  {
    "id": "45a0faa0-4603-40de-8008-1c8fe251e2fa",
    "data": [
      {
        "text": "Hint",
        "userDefined": false
      }
    ],
    "isTemplate": false,
    "count": 0,
    "updated": 1517701391
  }
]