[
  {
    "id": "3e5c9451-4113-478b-b878-f18696e98a1e",
    "data": [
      {
        "text": "Play next song please",
        "userDefined": false
      }
    ],
    "isTemplate": false,
    "count": 0,
    "updated": 1517702194
  },
  {
    "id": "55d19373-e54a-4b5c-91f0-57b9ef1eb6e7",
    "data": [
      {
        "text": "Play the next song please",
        "userDefined": false
      }
    ],
    "isTemplate": false,
    "count": 0,
    "updated": 1517702194
  },
  {
    "id": "3711f267-b2d0-416d-8b14-6012f37a2165",
    "data": [
      {
        "text": "Next song please",
        "userDefined": false
      }
    ],
    "isTemplate": false,
    "count": 0,
    "updated": 1517702194
  },
  {
    "id": "088e2369-90b7-4403-b7de-d4c0141a7a45",
    "data": [
      {
        "text": "Next please",
        "userDefined": false
      }
    ],
    "isTemplate": false,
    "count": 0,
    "updated": 1517702194
  },
  {
    "id": "a5dccc2b-d250-4c3b-8ec6-09d15b2f808b",
    "data": [
      {
        "text": "Play the next song",
        "userDefined": false
      }
    ],
    "isTemplate": false,
    "count": 0,
    "updated": 1517702194
  },
  {
    "id": "f0c400d5-3f7d-4057-a69f-a813423680c4",
    "data": [
      {
        "text": "Play next song",
        "userDefined": false
      }
    ],
    "isTemplate": false,
    "count": 0,
    "updated": 1517702194
  },
  {
    "id": "5f399e80-6380-4252-a4d7-78cf6dfaaf1f",
    "data": [
      {
        "text": "Next song",
        "userDefined": false
      }
    ],
    "isTemplate": false,
    "count": 0,
    "updated": 1517702194
  },
  {
    "id": "6b8ae346-043d-4288-9d64-3af2d5ead68b",
    "data": [
      {
        "text": "Next",
        "userDefined": false
      }
    ],
    "isTemplate": false,
    "count": 0,
    "updated": 1517702194
  }
]