[
  {
    "id": "79dd4786-f5b3-4586-826f-962394211f76",
    "data": [
      {
        "text": "What year did it come out?",
        "userDefined": false
      }
    ],
    "isTemplate": false,
    "count": 1,
    "updated": 1517705932
  },
  {
    "id": "a0cb9bf2-7e0a-4ff3-9b8e-57ee36f63459",
    "data": [
      {
        "text": "What year was it released?",
        "userDefined": false
      }
    ],
    "isTemplate": false,
    "count": 0,
    "updated": 1517705932
  },
  {
    "id": "d5735e1c-2496-40db-bbc4-5aebb69037d9",
    "data": [
      {
        "text": "What year was this released?",
        "userDefined": false
      }
    ],
    "isTemplate": false,
    "count": 0,
    "updated": 1517705932
  },
  {
    "id": "b054c563-0e24-4575-bb04-0e147a477747",
    "data": [
      {
        "text": "What year did this come out?",
        "userDefined": false
      }
    ],
    "isTemplate": false,
    "count": 0,
    "updated": 1517705932
  },
  {
    "id": "c68a1e9f-ad08-41ba-a95e-cdc2f6329dda",
    "data": [
      {
        "text": "When did it come out?",
        "userDefined": false
      }
    ],
    "isTemplate": false,
    "count": 0,
    "updated": 1517705932
  },
  {
    "id": "79231f28-499b-4a58-a9f7-776ec16e1f7b",
    "data": [
      {
        "text": "When was it released?",
        "userDefined": false
      }
    ],
    "isTemplate": false,
    "count": 0,
    "updated": 1517705932
  },
  {
    "id": "70712af7-269e-4988-bc0c-f4b7e35a3bf8",
    "data": [
      {
        "text": "When did this come out?",
        "userDefined": false
      }
    ],
    "isTemplate": false,
    "count": 0,
    "updated": 1517705932
  },
  {
    "id": "814418f3-4865-4890-a891-3abdfffcf1bf",
    "data": [
      {
        "text": "When was this released?",
        "userDefined": false
      }
    ],
    "isTemplate": false,
    "count": 0,
    "updated": 1517705932
  },
  {
    "id": "5e945ef7-4bd1-4fe3-88d2-d18d20942a22",
    "data": [
      {
        "text": "What is ",
        "userDefined": false
      },
      {
        "text": "the year",
        "meta": "@sys.ignore",
        "userDefined": false
      },
      {
        "text": "?",
        "userDefined": false
      }
    ],
    "isTemplate": false,
    "count": 0,
    "updated": 1517705932
  },
  {
    "id": "aa642ff6-593c-423e-b0e1-0b183c9f5a32",
    "data": [
      {
        "text": "Year",
        "userDefined": false
      }
    ],
    "isTemplate": false,
    "count": 0,
    "updated": 1517705932
  },
  {
    "id": "f93bddae-e850-4fce-854a-fd4aeccd4fa8",
    "data": [
      {
        "text": "What year?",
        "userDefined": false
      }
    ],
    "isTemplate": false,
    "count": 0,
    "updated": 1517705932
  }
]